{"cameraMode":{"drawMode":0,"name":"Shaded","section":"Shading Mode"},"sceneLighting":true,"audioPlay":false,"sceneViewState":{"m_AlwaysRefresh":false,"showFog":true,"showSkybox":true,"showFlares":true,"showImageEffects":true,"showParticleSystems":true,"showVisualEffectGraphs":true,"m_FxEnabled":true},"in2DMode":false,"pivot":{"x":307.9695129394531,"y":636.5445556640625,"z":169.4354248046875},"rotation":{"x":0.000514148036018014,"y":-0.9996619820594788,"z":0.02280147187411785,"w":0.015682144090533258},"size":366.07476806640627,"orthographic":false}