{"cameraMode":{"drawMode":0,"name":"Shaded","section":"Shading Mode"},"sceneLighting":true,"audioPlay":false,"sceneViewState":{"m_AlwaysRefresh":false,"showFog":true,"showSkybox":true,"showFlares":true,"showImageEffects":true,"showParticleSystems":true,"showVisualEffectGraphs":true,"m_FxEnabled":true},"in2DMode":false,"pivot":{"x":503.0657653808594,"y":765.3923950195313,"z":1272.8380126953125},"rotation":{"x":-0.04077312350273132,"y":-0.03063984028995037,"z":0.0014396625338122249,"w":-0.9987331628799439},"size":1275.118408203125,"orthographic":false}